id,username,email,first_name,last_name
100,bingobongo,bingobongo@yamdb.fake,Raya,Cherry
101,capt_obvious,capt_obvious@yamdb.fake,Grant,Whitaker
102,faust,faust@yamdb.fake,Carlos,Velez
103,reviewer,reviewer@yamdb.fake,Shaeleigh,Johnston
104,angry,angry@yamdb.fake,Len,Chan